-- Clear dependent tables in FK-safe order
DELETE FROM order_items;
DELETE FROM orders;
DELETE FROM cart_items;
DELETE FROM wishlist_items;
DELETE FROM product_images;
DELETE FROM products;
DELETE FROM users WHERE id IN (1, 2);

-- Seed Users
INSERT INTO users (id, email, password, full_name, phone, is_admin, created_at)
VALUES
	(1, 'admin@glowlogics.store', 'Admin@123', 'Admin Glow', '9999999999', 1, datetime('now')),
	(2, 'demo@glowlogics.store', 'Demo@123', 'Demo Shopper', '9876543210', 0, datetime('now'));

INSERT INTO products (id, name, description, category, price, discount_price, stock, image_url, rating, review_count, created_at) VALUES (1, 'Apple iPhone 15 Pro', 'Apple iPhone 15 Pro from the Tech collection.', 'Tech', 999, NULL, 20, 'https://pisces.bbystatic.com/image2/BestBuy_US/images/products/6525/6525407_sd.jpg', 4.2, 40, datetime('now', '-0 hours'));
INSERT INTO products (id, name, description, category, price, discount_price, stock, image_url, rating, review_count, created_at) VALUES (2, 'Samsung Galaxy S24 Ultra', 'Samsung Galaxy S24 Ultra from the Tech collection.', 'Tech', 1199, NULL, 21, 'https://m.media-amazon.com/images/I/81vxWpPpgNL.jpg', 4.3, 45, datetime('now', '-2 hours'));
INSERT INTO products (id, name, description, category, price, discount_price, stock, image_url, rating, review_count, created_at) VALUES (3, 'MacBook Air M3', 'MacBook Air M3 from the Tech collection.', 'Tech', 1299, NULL, 22, 'https://www.notebookcheck.net/fileadmin/Notebooks/Apple/MacBook_Air_13_M3_10C_GPU/IMG_2758.JPG', 4.4, 50, datetime('now', '-4 hours'));
INSERT INTO products (id, name, description, category, price, discount_price, stock, image_url, rating, review_count, created_at) VALUES (4, 'Dell XPS 15', 'Dell XPS 15 from the Tech collection.', 'Tech', 1399, NULL, 23, 'https://www.notebookcheck.net/uploads/tx_nbc2/DellXPS15-9510__1__03.jpg', 4.5, 55, datetime('now', '-6 hours'));
INSERT INTO products (id, name, description, category, price, discount_price, stock, image_url, rating, review_count, created_at) VALUES (5, 'iPad Pro 12.9', 'iPad Pro 12.9 from the Tech collection.', 'Tech', 1099, NULL, 24, 'https://imgs.search.brave.com/uZa54dpx-vpsA1XPpcesOt-SsyDJoCjCsyz6FgnHWDA/rs:fit:860:0:0:0/g:ce/aHR0cHM6Ly9tLm1l/ZGlhLWFtYXpvbi5j/b20vaW1hZ2VzL0kv/ODFpam84NnNEY1Mu/anBn', 4.6, 60, datetime('now', '-8 hours'));
INSERT INTO products (id, name, description, category, price, discount_price, stock, image_url, rating, review_count, created_at) VALUES (6, 'Nike Air Force 1', 'Nike Air Force 1 from the Lifestyle collection.', 'Lifestyle', 110, NULL, 25, 'https://static.nike.com/a/images/t_PDP_1280_v1/f_auto,q_auto:eco/b7d9211c-26e7-431a-ac24-b0540fb3c00f/air-force-1-07-shoes-WrLlWX.png', 4.7, 65, datetime('now', '-10 hours'));
INSERT INTO products (id, name, description, category, price, discount_price, stock, image_url, rating, review_count, created_at) VALUES (7, 'Adidas Ultraboost', 'Adidas Ultraboost from the Lifestyle collection.', 'Lifestyle', 180, NULL, 26, 'https://thumblr.uniid.it/product/324940/fa39924de722.jpg?width=750&format=webp&q=75', 4.8, 70, datetime('now', '-12 hours'));
INSERT INTO products (id, name, description, category, price, discount_price, stock, image_url, rating, review_count, created_at) VALUES (8, 'Levi''s 501 Jeans', 'Levi''s 501 Jeans from the Lifestyle collection.', 'Lifestyle', 70, NULL, 27, 'https://lsco.scene7.com/is/image/lsco/005013649-detail1-pdp?fmt=jpeg&qlt=70&resMode=sharp2&fit=crop,1&op_usm=0.6,0.6,8&wid=2000&hei=2500', 4.2, 75, datetime('now', '-14 hours'));
INSERT INTO products (id, name, description, category, price, discount_price, stock, image_url, rating, review_count, created_at) VALUES (9, 'Ray-Ban Aviator', 'Ray-Ban Aviator from the Lifestyle collection.', 'Lifestyle', 150, NULL, 28, 'https://i.ebayimg.com/images/g/iOAAAOSwrm5cR3v7/s-l960.jpg', 4.3, 80, datetime('now', '-16 hours'));
INSERT INTO products (id, name, description, category, price, discount_price, stock, image_url, rating, review_count, created_at) VALUES (10, 'Fossil Leather Wallet', 'Fossil Leather Wallet from the Lifestyle collection.', 'Lifestyle', 60, NULL, 29, 'https://images-na.ssl-images-amazon.com/images/I/91hAJqEJdxL._AC_UL1500_.jpg', 4.4, 85, datetime('now', '-18 hours'));
INSERT INTO products (id, name, description, category, price, discount_price, stock, image_url, rating, review_count, created_at) VALUES (11, 'Apple AirTag', 'Apple AirTag from the Accessories collection.', 'Accessories', 29, NULL, 30, 'https://i5.walmartimages.com/asr/95c1cf85-d0d2-44db-bcb5-0d4260121e42.61beda6a4830060f3d74d58eb6b767c5.jpeg', 4.5, 90, datetime('now', '-20 hours'));
INSERT INTO products (id, name, description, category, price, discount_price, stock, image_url, rating, review_count, created_at) VALUES (12, 'Logitech MX Master 3S', 'Logitech MX Master 3S from the Accessories collection.', 'Accessories', 99, NULL, 31, 'https://m.media-amazon.com/images/I/61ni3t1ryQL.jpg', 4.6, 95, datetime('now', '-22 hours'));
INSERT INTO products (id, name, description, category, price, discount_price, stock, image_url, rating, review_count, created_at) VALUES (13, 'Anker Power Bank 20K', 'Anker Power Bank 20K from the Accessories collection.', 'Accessories', 49, NULL, 32, 'https://down-sg.img.susercontent.com/file/sg-11134207-7rd4z-m6ywlyircusy01', 4.7, 100, datetime('now', '-24 hours'));
INSERT INTO products (id, name, description, category, price, discount_price, stock, image_url, rating, review_count, created_at) VALUES (14, 'Herschel Backpack', 'Herschel Backpack from the Accessories collection.', 'Accessories', 80, NULL, 33, 'https://media.herschel.com.au/products/3f8364d8/11383_06083_1.jpg', 4.8, 105, datetime('now', '-26 hours'));
INSERT INTO products (id, name, description, category, price, discount_price, stock, image_url, rating, review_count, created_at) VALUES (15, 'Casio G-Shock', 'Casio G-Shock from the Accessories collection.', 'Accessories', 120, NULL, 34, 'https://www.casio.com/content/dam/casio/product-info/locales/in/en/timepiece/product/watch/G/GA/GA4/GA-400GBX-1A9/assets/GA-400GBX-1A9_1.png.transform/product-panel/image.png', 4.2, 110, datetime('now', '-28 hours'));
INSERT INTO products (id, name, description, category, price, discount_price, stock, image_url, rating, review_count, created_at) VALUES (16, 'Dyson V15 Vacuum', 'Dyson V15 Vacuum from the Home collection.', 'Home', 699, NULL, 35, 'https://brain-images-ssl.cdn.dixons.com/5/5/10225155/u_10225155.jpg', 4.3, 115, datetime('now', '-30 hours'));
INSERT INTO products (id, name, description, category, price, discount_price, stock, image_url, rating, review_count, created_at) VALUES (17, 'Instant Pot Duo', 'Instant Pot Duo from the Home collection.', 'Home', 99, NULL, 36, 'https://i5.walmartimages.com/seo/Instant-Pot-DUO60-V4-6-Quart-Duo-Electric-Pressure-Cooker-Slow-Cooker_6822bd20-2e60-4923-92fc-44884fd6f90f.0e331080bfaa65faa8d86b78a29a1abf.jpeg', 4.4, 120, datetime('now', '-32 hours'));
INSERT INTO products (id, name, description, category, price, discount_price, stock, image_url, rating, review_count, created_at) VALUES (18, 'Philips Air Fryer', 'Philips Air Fryer from the Home collection.', 'Home', 199, NULL, 37, 'https://img.kavosdraugas.lt/7737f516-95c8-4ad3-b2ee-c021ff7308c7/1000x1000/na231-003png.jpg', 4.5, 125, datetime('now', '-34 hours'));
INSERT INTO products (id, name, description, category, price, discount_price, stock, image_url, rating, review_count, created_at) VALUES (19, 'IKEA Poang Chair', 'IKEA Poang Chair from the Home collection.', 'Home', 129, NULL, 38, 'https://image-ikea.mncdn.com/urunler/500_500/PE900880.jpg', 4.6, 130, datetime('now', '-36 hours'));
INSERT INTO products (id, name, description, category, price, discount_price, stock, image_url, rating, review_count, created_at) VALUES (20, 'Samsung Smart Fridge', 'Samsung Smart Fridge from the Home collection.', 'Home', 2499, NULL, 39, 'https://innovationedgenews.com/wp-content/uploads/2024/01/Samsung-Unveils-Smart-Fridge-with-AI-Technology-to-Revolutionize-Kitchen-Experiences.webp', 4.7, 135, datetime('now', '-38 hours'));
INSERT INTO products (id, name, description, category, price, discount_price, stock, image_url, rating, review_count, created_at) VALUES (21, 'PlayStation 5', 'PlayStation 5 from the Gaming collection.', 'Gaming', 499, NULL, 40, 'https://m.media-amazon.com/images/I/51051FiD9UL.jpg', 4.8, 140, datetime('now', '-40 hours'));
INSERT INTO products (id, name, description, category, price, discount_price, stock, image_url, rating, review_count, created_at) VALUES (22, 'Xbox Series X', 'Xbox Series X from the Gaming collection.', 'Gaming', 499, NULL, 41, 'https://tse1.mm.bing.net/th/id/OIP.cnsf21Giczgd5KF6MNukWQHaHa?rs=1&pid=ImgDetMain&o=7&rm=3', 4.2, 145, datetime('now', '-42 hours'));
INSERT INTO products (id, name, description, category, price, discount_price, stock, image_url, rating, review_count, created_at) VALUES (23, 'Nintendo Switch OLED', 'Nintendo Switch OLED from the Gaming collection.', 'Gaming', 349, NULL, 42, 'https://m.media-amazon.com/images/I/61-PblYntsL.jpg', 4.3, 150, datetime('now', '-44 hours'));
INSERT INTO products (id, name, description, category, price, discount_price, stock, image_url, rating, review_count, created_at) VALUES (24, 'Razer Gaming Mouse', 'Razer Gaming Mouse from the Gaming collection.', 'Gaming', 79, NULL, 43, 'https://m.media-amazon.com/images/I/61mpMH5TzkL.jpg', 4.4, 155, datetime('now', '-46 hours'));
INSERT INTO products (id, name, description, category, price, discount_price, stock, image_url, rating, review_count, created_at) VALUES (25, 'MSI Gaming Laptop', 'MSI Gaming Laptop from the Gaming collection.', 'Gaming', 1299, NULL, 44, 'https://pisces.bbystatic.com/image2/BestBuy_US/images/products/6534/6534580_rd.jpg', 4.5, 160, datetime('now', '-48 hours'));
INSERT INTO products (id, name, description, category, price, discount_price, stock, image_url, rating, review_count, created_at) VALUES (26, 'Sony WH-1000XM5', 'Sony WH-1000XM5 from the Audio collection.', 'Audio', 399, NULL, 45, 'https://m.media-amazon.com/images/I/61ULAZmt9NL._AC_.jpg', 4.6, 165, datetime('now', '-50 hours'));
INSERT INTO products (id, name, description, category, price, discount_price, stock, image_url, rating, review_count, created_at) VALUES (27, 'Bose QC45', 'Bose QC45 from the Audio collection.', 'Audio', 329, NULL, 46, 'https://antien.vn/uploads/product/tai-nghe-Bose-QuietComfort-45_1637639935.jpg', 4.7, 170, datetime('now', '-52 hours'));
INSERT INTO products (id, name, description, category, price, discount_price, stock, image_url, rating, review_count, created_at) VALUES (28, 'JBL Flip 6', 'JBL Flip 6 from the Audio collection.', 'Audio', 129, NULL, 47, 'https://tse3.mm.bing.net/th/id/OIP.AkzwIy8RVQyTxX9RXmiDkAHaHa?w=1605&h=1605&rs=1&pid=ImgDetMain&o=7&rm=3', 4.8, 175, datetime('now', '-54 hours'));
INSERT INTO products (id, name, description, category, price, discount_price, stock, image_url, rating, review_count, created_at) VALUES (29, 'Apple AirPods Pro 2', 'Apple AirPods Pro 2 from the Audio collection.', 'Audio', 249, NULL, 48, 'https://m.media-amazon.com/images/I/61SUj2aKoEL.jpg', 4.2, 180, datetime('now', '-56 hours'));
INSERT INTO products (id, name, description, category, price, discount_price, stock, image_url, rating, review_count, created_at) VALUES (30, 'Sennheiser HD 660S', 'Sennheiser HD 660S from the Audio collection.', 'Audio', 499, NULL, 49, 'https://i5.walmartimages.com/seo/Sennheiser-HD-660S-2-Wired-Audiophile-Stereo-Headphones-Deep-Sub-Bass-Optimized-Surround-Transducer-Airflow-Vented-Magnet-System-Voice-Coil_a819c249-f811-4a66-82d8-37003f4eba46.f831b220579930505447977fec6a5e34.jpeg', 4.3, 185, datetime('now', '-58 hours'));
INSERT INTO products (id, name, description, category, price, discount_price, stock, image_url, rating, review_count, created_at) VALUES (31, 'Apple Watch Series 9', 'Apple Watch Series 9 from the Wearables collection.', 'Wearables', 399, NULL, 20, 'https://th.bing.com/th/id/R.0cb20a505e4607b967e89b125e246652?rik=3TBo3OBhPaSL8Q&riu=http%3a%2f%2falephksa.com%2fcdn%2fshop%2ffiles%2fApple_Watch_Series_9_LTE_45mm_Silver_Stainless_Steel_Silver_Milanese_Loop_PDP_Image_Position-1__en-ME_c79a30e4-3dcb-46eb-94e6-d0a8f37b6fac.jpg%3fv%3d1698974650&ehk=kcdWW6bSsHrQTz0MVfjD%2fXz%2fI45ntt82FcrWl5iJE1o%3d&risl=&pid=ImgRaw&r=0', 4.4, 190, datetime('now', '-60 hours'));
INSERT INTO products (id, name, description, category, price, discount_price, stock, image_url, rating, review_count, created_at) VALUES (32, 'Samsung Galaxy Watch 6', 'Samsung Galaxy Watch 6 from the Wearables collection.', 'Wearables', 349, NULL, 21, 'https://tse1.mm.bing.net/th/id/OIP.KvoTu9zw3tnrt40Wrbp8TQHaI0?rs=1&pid=ImgDetMain&o=7&rm=3', 4.5, 195, datetime('now', '-62 hours'));
INSERT INTO products (id, name, description, category, price, discount_price, stock, image_url, rating, review_count, created_at) VALUES (33, 'Fitbit Charge 6', 'Fitbit Charge 6 from the Wearables collection.', 'Wearables', 179, NULL, 22, 'https://pisces.bbystatic.com/image2/BestBuy_US/images/products/6559/6559662_rd.jpg', 4.6, 200, datetime('now', '-64 hours'));
INSERT INTO products (id, name, description, category, price, discount_price, stock, image_url, rating, review_count, created_at) VALUES (34, 'Garmin Forerunner 265', 'Garmin Forerunner 265 from the Wearables collection.', 'Wearables', 449, NULL, 23, 'https://m.media-amazon.com/images/I/71W+S88m5JL._AC_SL1500_.jpg', 4.7, 205, datetime('now', '-66 hours'));
INSERT INTO products (id, name, description, category, price, discount_price, stock, image_url, rating, review_count, created_at) VALUES (35, 'Huawei Watch GT 4', 'Huawei Watch GT 4 from the Wearables collection.', 'Wearables', 299, NULL, 24, 'https://specs-arena.com/wp-content/uploads/2023/09/Huawei-Watch-GT-4-3.webp', 4.8, 210, datetime('now', '-68 hours'));
INSERT INTO products (id, name, description, category, price, discount_price, stock, image_url, rating, review_count, created_at) VALUES (36, 'Google Pixel 8 Pro', 'Google Pixel 8 Pro from the Tech collection.', 'Tech', 999, NULL, 25, 'https://www.cnet.com/a/img/resize/b9167a00c19826dde947cf45366db1afeff80517/hub/2023/09/27/a2506c60-009e-4a69-b13a-4954df07e765/20230925-google-pixel-8-pro-and-pixel-8-01.jpg?auto=webp&fit=crop&height=675&width=1200', 4.2, 215, datetime('now', '-70 hours'));
INSERT INTO products (id, name, description, category, price, discount_price, stock, image_url, rating, review_count, created_at) VALUES (37, 'Lenovo ThinkPad X1 Carbon', 'Lenovo ThinkPad X1 Carbon from the Tech collection.', 'Tech', 1499, NULL, 26, 'https://st1.tkcomputer.vn/uploads/lenovo_thinkpad_x1_carbon_gen_5_3a_1684260790.jpg', 4.3, 220, datetime('now', '-72 hours'));
INSERT INTO products (id, name, description, category, price, discount_price, stock, image_url, rating, review_count, created_at) VALUES (38, 'Microsoft Surface Laptop 6', 'Microsoft Surface Laptop 6 from the Tech collection.', 'Tech', 1299, NULL, 27, 'https://screenmoove.com/cdn/shop/files/ZLG-00029_1200x824.webp?v=1728649024', 4.4, 225, datetime('now', '-74 hours'));
INSERT INTO products (id, name, description, category, price, discount_price, stock, image_url, rating, review_count, created_at) VALUES (39, 'ASUS ROG Zephyrus G14', 'ASUS ROG Zephyrus G14 from the Tech collection.', 'Tech', 1599, NULL, 28, 'https://tse3.mm.bing.net/th/id/OIP.vkDguJgY1XthH-0sJhvbFAHaFj?rs=1&pid=ImgDetMain&o=7&rm=3', 4.5, 230, datetime('now', '-76 hours'));
INSERT INTO products (id, name, description, category, price, discount_price, stock, image_url, rating, review_count, created_at) VALUES (40, 'HP Spectre x360', 'HP Spectre x360 from the Tech collection.', 'Tech', 1399, NULL, 29, 'https://i0.wp.com/www.theeffect.net/wp-content/uploads/2017/10/HP-Spectre-x360-13_Dark-Ash-Silver_Rear-Left.jpg', 4.6, 235, datetime('now', '-78 hours'));
INSERT INTO products (id, name, description, category, price, discount_price, stock, image_url, rating, review_count, created_at) VALUES (41, 'Puma RS-X Sneakers', 'Puma RS-X Sneakers from the Lifestyle collection.', 'Lifestyle', 120, NULL, 30, 'https://tse1.mm.bing.net/th/id/OIP.C07jqJ8TUMz5e62dyce2SAHaHa?rs=1&pid=ImgDetMain&o=7&rm=3', 4.7, 240, datetime('now', '-80 hours'));
INSERT INTO products (id, name, description, category, price, discount_price, stock, image_url, rating, review_count, created_at) VALUES (42, 'North Face Backpack', 'North Face Backpack from the Lifestyle collection.', 'Lifestyle', 99, NULL, 31, 'https://tse2.mm.bing.net/th/id/OIP.KSVDNfaqHISl_QUlfazWGwHaIl?rs=1&pid=ImgDetMain&o=7&rm=3', 4.8, 245, datetime('now', '-82 hours'));
INSERT INTO products (id, name, description, category, price, discount_price, stock, image_url, rating, review_count, created_at) VALUES (43, 'Oakley Sunglasses', 'Oakley Sunglasses from the Lifestyle collection.', 'Lifestyle', 140, NULL, 32, 'https://tse3.mm.bing.net/th/id/OIP.m40UX-Eiedtcp_FMsq8ICwHaHa?pid=ImgDet&w=474&h=474&rs=1&o=7&rm=3', 4.2, 250, datetime('now', '-84 hours'));
INSERT INTO products (id, name, description, category, price, discount_price, stock, image_url, rating, review_count, created_at) VALUES (44, 'Vans Old Skool', 'Vans Old Skool from the Lifestyle collection.', 'Lifestyle', 70, NULL, 33, 'https://bizweb.dktcdn.net/100/140/774/products/vans-old-skool-black-white-vn000d3hy28-2.jpg?v=1625905148527', 4.3, 255, datetime('now', '-86 hours'));
INSERT INTO products (id, name, description, category, price, discount_price, stock, image_url, rating, review_count, created_at) VALUES (45, 'Converse Chuck Taylor', 'Converse Chuck Taylor from the Lifestyle collection.', 'Lifestyle', 65, NULL, 34, 'https://tse4.mm.bing.net/th/id/OIP.Sybq9XMplgrksqHc-HVVYgHaHa?rs=1&pid=ImgDetMain&o=7&rm=3', 4.4, 260, datetime('now', '-88 hours'));
INSERT INTO products (id, name, description, category, price, discount_price, stock, image_url, rating, review_count, created_at) VALUES (46, 'Beats Studio Buds', 'Beats Studio Buds from the Accessories collection.', 'Accessories', 149, NULL, 35, 'https://pisces.bbystatic.com/image2/BestBuy_US/images/products/6501/6501046_sd.jpg', 4.5, 265, datetime('now', '-90 hours'));
INSERT INTO products (id, name, description, category, price, discount_price, stock, image_url, rating, review_count, created_at) VALUES (47, 'Tumi Travel Bag', 'Tumi Travel Bag from the Accessories collection.', 'Accessories', 399, NULL, 36, 'https://m.media-amazon.com/images/I/71yz4XFGujL._AC_SL1500_.jpg', 4.6, 270, datetime('now', '-92 hours'));
INSERT INTO products (id, name, description, category, price, discount_price, stock, image_url, rating, review_count, created_at) VALUES (48, 'Montblanc Pen', 'Montblanc Pen from the Accessories collection.', 'Accessories', 350, NULL, 37, 'https://tse1.mm.bing.net/th/id/OIP.ZJ_LXq0TnHhPS04IUZGlCgHaHa?rs=1&pid=ImgDetMain&o=7&rm=3', 4.7, 275, datetime('now', '-94 hours'));
INSERT INTO products (id, name, description, category, price, discount_price, stock, image_url, rating, review_count, created_at) VALUES (49, 'Apple Pencil 2', 'Apple Pencil 2 from the Accessories collection.', 'Accessories', 129, NULL, 38, 'https://cf.shopee.com.br/file/sg-11134201-22110-8njs5wj937jv9a', 4.8, 280, datetime('now', '-96 hours'));
INSERT INTO products (id, name, description, category, price, discount_price, stock, image_url, rating, review_count, created_at) VALUES (50, 'Belkin Wireless Charger', 'Belkin Wireless Charger from the Accessories collection.', 'Accessories', 49, NULL, 39, 'https://m.media-amazon.com/images/I/61tpahNzcCL._AC_.jpg', 4.2, 285, datetime('now', '-98 hours'));
INSERT INTO products (id, name, description, category, price, discount_price, stock, image_url, rating, review_count, created_at) VALUES (51, 'HP LaserJet Printer', 'HP LaserJet Printer from the Office collection.', 'Office', 199, NULL, 40, 'https://www.bhphotovideo.com/images/images2500x2500/hp_f6w14a_laserjet_pro_m426fdn_all_in_one_1190021.jpg', 4.3, 290, datetime('now', '-100 hours'));
INSERT INTO products (id, name, description, category, price, discount_price, stock, image_url, rating, review_count, created_at) VALUES (52, 'Logitech Webcam C920', 'Logitech Webcam C920 from the Office collection.', 'Office', 79, NULL, 41, 'https://mmsrilanka.com/image/cache/catalog/data/Products/Computer%20Accessories/WebCam/c920-1000x1000.jpg', 4.4, 295, datetime('now', '-102 hours'));
INSERT INTO products (id, name, description, category, price, discount_price, stock, image_url, rating, review_count, created_at) VALUES (53, 'Microsoft Surface Keyboard', 'Microsoft Surface Keyboard from the Office collection.', 'Office', 129, NULL, 42, 'https://m.media-amazon.com/images/I/81dh38vBkQL.jpg', 4.5, 300, datetime('now', '-104 hours'));
INSERT INTO products (id, name, description, category, price, discount_price, stock, image_url, rating, review_count, created_at) VALUES (54, 'Herman Miller Aeron Chair', 'Herman Miller Aeron Chair from the Office collection.', 'Office', 1499, NULL, 43, 'https://officefurniturescene.co.uk/storage/images/2020/09/Herman-Miller-Aeron-Chair-Mineral-Polished-Size-C-Front.jpg', 4.6, 305, datetime('now', '-106 hours'));
INSERT INTO products (id, name, description, category, price, discount_price, stock, image_url, rating, review_count, created_at) VALUES (55, 'Canon Office Scanner', 'Canon Office Scanner from the Office collection.', 'Office', 249, NULL, 44, 'https://www.bhphotovideo.com/images/images500x500/canon_4823c001aa_imageformula_r50_office_document_1607509301_1598896.jpg', 4.7, 310, datetime('now', '-108 hours'));
INSERT INTO products (id, name, description, category, price, discount_price, stock, image_url, rating, review_count, created_at) VALUES (56, 'Brother Label Printer', 'Brother Label Printer from the Office collection.', 'Office', 99, NULL, 45, 'https://content.etilize.com/RightMaximum/1029260729.jpg', 4.8, 315, datetime('now', '-110 hours'));
INSERT INTO products (id, name, description, category, price, discount_price, stock, image_url, rating, review_count, created_at) VALUES (57, 'Dell Ultrasharp Monitor 27"', 'Dell Ultrasharp Monitor 27" from the Office collection.', 'Office', 399, NULL, 46, 'https://i5.walmartimages.com/seo/Dell-27-60-Hz-IPS-Black-Technology-UHD-IPS-Monitor-8-ms-gray-to-gray-normal-5-ms-gray-to-gray-fast-3840-x-2160-4K-HDMI-DisplayPort-USB-Audio-Flat-Pan_da30d5dd-66cf-4f1f-a028-4807088fa3ac.85212000719ad54459b2996f8cc0f41d.jpeg', 4.2, 320, datetime('now', '-112 hours'));
INSERT INTO products (id, name, description, category, price, discount_price, stock, image_url, rating, review_count, created_at) VALUES (58, 'Logitech MX Keys Keyboard', 'Logitech MX Keys Keyboard from the Office collection.', 'Office', 99, NULL, 47, 'https://tse2.mm.bing.net/th/id/OIP.kFKXAs0WyY9hyt6QZ0xLgQHaFj?rs=1&pid=ImgDetMain&o=7&rm=3', 4.3, 325, datetime('now', '-114 hours'));
INSERT INTO products (id, name, description, category, price, discount_price, stock, image_url, rating, review_count, created_at) VALUES (59, 'Steelcase Gesture Chair', 'Steelcase Gesture Chair from the Office collection.', 'Office', 1299, NULL, 48, 'https://m.media-amazon.com/images/I/61IjVDRXt3L._AC_SL1500_.jpg', 4.4, 330, datetime('now', '-116 hours'));
INSERT INTO products (id, name, description, category, price, discount_price, stock, image_url, rating, review_count, created_at) VALUES (60, 'Epson EcoTank Printer', 'Epson EcoTank Printer from the Office collection.', 'Office', 249, NULL, 49, 'https://pisces.bbystatic.com/image2/BestBuy_US/images/products/6347/6347466ld.jpg', 4.5, 335, datetime('now', '-118 hours'));
INSERT INTO products (id, name, description, category, price, discount_price, stock, image_url, rating, review_count, created_at) VALUES (61, 'HP EliteBook Laptop', 'HP EliteBook Laptop from the Office collection.', 'Office', 1199, NULL, 20, 'https://m.media-amazon.com/images/I/51sWxhvZ5DL._AC_SL1285_.jpg', 4.6, 340, datetime('now', '-120 hours'));
INSERT INTO products (id, name, description, category, price, discount_price, stock, image_url, rating, review_count, created_at) VALUES (62, 'Microsoft Office 365 Subscription', 'Microsoft Office 365 Subscription from the Office collection.', 'Office', 99, NULL, 21, 'https://i.pinimg.com/originals/a4/03/e2/a403e24707e522621574ced2b9538930.jpg', 4.7, 345, datetime('now', '-122 hours'));
INSERT INTO products (id, name, description, category, price, discount_price, stock, image_url, rating, review_count, created_at) VALUES (63, 'Logitech Conference Speaker', 'Logitech Conference Speaker from the Office collection.', 'Office', 249, NULL, 22, 'https://tse2.mm.bing.net/th/id/OIP.IOGBFkgTSVONGFQo1EAPuQHaHa?rs=1&pid=ImgDetMain&o=7&rm=3', 4.8, 350, datetime('now', '-124 hours'));
INSERT INTO products (id, name, description, category, price, discount_price, stock, image_url, rating, review_count, created_at) VALUES (64, 'Cisco Desk Phone', 'Cisco Desk Phone from the Office collection.', 'Office', 199, NULL, 23, 'https://cdn11.bigcommerce.com/s-u3uxlvxq3h/images/stencil/1280x1280/products/10563/43080/Cisco-9841-Black-Left__28709.1714760293.jpg?c=1', 4.2, 355, datetime('now', '-126 hours'));
INSERT INTO products (id, name, description, category, price, discount_price, stock, image_url, rating, review_count, created_at) VALUES (65, 'Wacom Intuos Tablet', 'Wacom Intuos Tablet from the Office collection.', 'Office', 249, NULL, 24, 'https://www.bhphotovideo.com/images/images2500x2500/wacom_cth690ak_intuos_art_pen_1180862.jpg', 4.3, 360, datetime('now', '-128 hours'));
INSERT INTO products (id, name, description, category, price, discount_price, stock, image_url, rating, review_count, created_at) VALUES (66, 'Amazon Basics Filing Cabinet', 'Amazon Basics Filing Cabinet from the Office collection.', 'Office', 129, NULL, 25, 'https://m.media-amazon.com/images/I/61Hf3096XqL._AC_SL1500_.jpg', 4.4, 365, datetime('now', '-130 hours'));
INSERT INTO products (id, name, description, category, price, discount_price, stock, image_url, rating, review_count, created_at) VALUES (67, 'HP Docking Station', 'HP Docking Station from the Office collection.', 'Office', 149, NULL, 26, 'https://tse1.mm.bing.net/th/id/OIP.2DhBHTJDlrkAwOA42FKUdQHaEJ?rs=1&pid=ImgDetMain&o=7&rm=3', 4.5, 370, datetime('now', '-132 hours'));
INSERT INTO products (id, name, description, category, price, discount_price, stock, image_url, rating, review_count, created_at) VALUES (68, 'Logitech Headset H390', 'Logitech Headset H390 from the Office collection.', 'Office', 49, NULL, 27, 'https://itwares.net/153-large_default/logitech-h390-usb-headset.jpg', 4.6, 375, datetime('now', '-134 hours'));
INSERT INTO products (id, name, description, category, price, discount_price, stock, image_url, rating, review_count, created_at) VALUES (69, 'Sharp Office Projector', 'Sharp Office Projector from the Office collection.', 'Office', 599, NULL, 28, 'https://th.bing.com/th/id/R.ef6a1bbe6fa2f21f2050511c8faefbd0?rik=AvCKefqATnnycQ&riu=http%3a%2f%2fofficewonderland.com%2fcdn%2fshop%2ffiles%2fsharp-pg-f315x-projector.jpg%3fcrop%3dcenter%26height%3d1200%26v%3d1725641486%26width%3d1200&ehk=iPw8k6E142nyvaMNC9DN%2bs3Vx2Ff3XGTR6L%2bIdv3JTA%3d&risl=&pid=ImgRaw&r=0', 4.7, 380, datetime('now', '-136 hours'));
INSERT INTO products (id, name, description, category, price, discount_price, stock, image_url, rating, review_count, created_at) VALUES (70, 'Fellowes Paper Shredder', 'Fellowes Paper Shredder from the Office collection.', 'Office', 179, NULL, 29, 'https://th.bing.com/th/id/R.aae9831eb2b22db0b1c7f25df9fbfc71?rik=3kx%2fgBWCHxCq7w&riu=http%3a%2f%2fmobileimages.lowes.com%2fproduct%2fconverted%2f100187%2f1001874904.jpg%3fsize%3dpdhi&ehk=WCm3%2bFJIwUz8e9mh7czkrPpzdkNzkLMxvG7oLn4rZoo%3d&risl=&pid=ImgRaw&r=0', 4.8, 385, datetime('now', '-138 hours'));

-- Product Images
INSERT INTO product_images (product_id, image_url, sort_order) VALUES (1, 'https://pisces.bbystatic.com/image2/BestBuy_US/images/products/6525/6525407_sd.jpg', 1);
INSERT INTO product_images (product_id, image_url, sort_order) VALUES (1, 'https://img.jabko.ua/image/cache/catalog/111/iph-15-pr0full.jpg', 2);
INSERT INTO product_images (product_id, image_url, sort_order) VALUES (1, 'https://pisces.bbystatic.com/image2/BestBuy_US/images/products/6525/6525421_sd.jpg', 3);
INSERT INTO product_images (product_id, image_url, sort_order) VALUES (2, 'https://m.media-amazon.com/images/I/81vxWpPpgNL.jpg', 1);
INSERT INTO product_images (product_id, image_url, sort_order) VALUES (2, 'https://tuscelularesbaratos.com/cdn/shop/files/SamsungGalaxyS24Ultra-1_8cf8881c-9a4a-4220-ae00-af25e6d0fa2c.webp?v=1747968258&width=1100', 2);
INSERT INTO product_images (product_id, image_url, sort_order) VALUES (2, 'https://images.priceoye.pk/samsung-galaxy-s24-ultra-pakistan-priceoye-8hwmu.jpg', 3);
INSERT INTO product_images (product_id, image_url, sort_order) VALUES (3, 'https://www.notebookcheck.net/fileadmin/Notebooks/Apple/MacBook_Air_13_M3_10C_GPU/IMG_2758.JPG', 1);
INSERT INTO product_images (product_id, image_url, sort_order) VALUES (3, 'https://cdn.mos.cms.futurecdn.net/ixKqdmGocyjRo49a9Ti6kc.jpg', 2);
INSERT INTO product_images (product_id, image_url, sort_order) VALUES (3, 'https://cdn.mos.cms.futurecdn.net/gbho6bhS4xVL3gU2MVYx7U.jpg', 3);
INSERT INTO product_images (product_id, image_url, sort_order) VALUES (4, 'https://www.notebookcheck.net/uploads/tx_nbc2/DellXPS15-9510__1__03.jpg', 1);
INSERT INTO product_images (product_id, image_url, sort_order) VALUES (4, 'https://pctech.co.in/image/cache/catalog/Laptops/DELL/dell-xps-15-9530-laptop-01-800x800w.jpg', 2);
INSERT INTO product_images (product_id, image_url, sort_order) VALUES (4, 'https://th.bing.com/th/id/R.e105c2b241c84037a4d231e8510e9088?rik=YgbbYeUfZjXikQ&riu=http%3a%2f%2fwww.windowscentral.com%2fsites%2fwpcentral.com%2ffiles%2fstyles%2flarger_wm_blb%2fpublic%2ffield%2fimage%2f2016%2f08%2fdell-xps-15-fhd-hero1.jpg%3fitok%3dX_ayMrAj&ehk=9RXaL9eusiqPPwL3%2fZY5Q2dzDty7obZ76nxahFLteoo%3d&risl=&pid=ImgRaw&r=0', 3);
INSERT INTO product_images (product_id, image_url, sort_order) VALUES (5, 'https://imgs.search.brave.com/uZa54dpx-vpsA1XPpcesOt-SsyDJoCjCsyz6FgnHWDA/rs:fit:860:0:0:0/g:ce/aHR0cHM6Ly9tLm1l/ZGlhLWFtYXpvbi5j/b20vaW1hZ2VzL0kv/ODFpam84NnNEY1Mu/anBn', 1);
INSERT INTO product_images (product_id, image_url, sort_order) VALUES (5, 'https://store.storeimages.cdn-apple.com/4982/as-images.apple.com/is/ipad-pro-finish-select-202212-12-9inch-silver-wifi_AV1?wid=940&hei=1112&fmt=png-alpha', 2);
INSERT INTO product_images (product_id, image_url, sort_order) VALUES (5, 'https://pisces.bbystatic.com/image2/BestBuy_US/images/products/4901/4901905_sd.jpg', 3);
INSERT INTO product_images (product_id, image_url, sort_order) VALUES (6, 'https://static.nike.com/a/images/t_PDP_1280_v1/f_auto,q_auto:eco/b7d9211c-26e7-431a-ac24-b0540fb3c00f/air-force-1-07-shoes-WrLlWX.png', 1);
INSERT INTO product_images (product_id, image_url, sort_order) VALUES (6, 'https://m.media-amazon.com/images/I/71Dp9Ckm6PL.jpg', 2);
INSERT INTO product_images (product_id, image_url, sort_order) VALUES (6, 'https://images.footlocker.com/is/image/EBFL2/B38146_01?wid=500&hei=500&fmt=png-alpha', 3);
INSERT INTO product_images (product_id, image_url, sort_order) VALUES (7, 'https://thumblr.uniid.it/product/324940/fa39924de722.jpg?width=750&format=webp&q=75', 1);
INSERT INTO product_images (product_id, image_url, sort_order) VALUES (7, 'https://m.media-amazon.com/images/I/71iq5cqaOfL.jpg', 2);
INSERT INTO product_images (product_id, image_url, sort_order) VALUES (7, 'https://images.footlocker.com/is/image/EBFL2/HP9198_01?wid=500&hei=500&fmt=png-alpha', 3);
INSERT INTO product_images (product_id, image_url, sort_order) VALUES (8, 'https://lsco.scene7.com/is/image/lsco/005013649-detail1-pdp?fmt=jpeg&qlt=70&resMode=sharp2&fit=crop,1&op_usm=0.6,0.6,8&wid=2000&hei=2500', 1);
INSERT INTO product_images (product_id, image_url, sort_order) VALUES (8, 'https://lsco.scene7.com/is/image/lsco/005010194-front-pdp?fmt=jpeg&qlt=70&resMode=bisharp&fit=crop,0&op_usm=0.6,0.6,8&wid=2000&hei=2400', 2);
INSERT INTO product_images (product_id, image_url, sort_order) VALUES (8, 'https://images-na.ssl-images-amazon.com/images/I/81q9dvpB0bL.jpg', 3);
INSERT INTO product_images (product_id, image_url, sort_order) VALUES (9, 'https://i.ebayimg.com/images/g/iOAAAOSwrm5cR3v7/s-l960.jpg', 1);
INSERT INTO product_images (product_id, image_url, sort_order) VALUES (9, 'https://assets.ray-ban.com/is/image/RayBan/805289602057-hero-3q?impolicy=RB_Product&width=824', 2);
INSERT INTO product_images (product_id, image_url, sort_order) VALUES (9, 'https://pisces.bbystatic.com/image2/BestBuy_US/images/products/4871/4871805_sd.jpg', 3);
INSERT INTO product_images (product_id, image_url, sort_order) VALUES (10, 'https://images-na.ssl-images-amazon.com/images/I/91hAJqEJdxL._AC_UL1500_.jpg', 1);
INSERT INTO product_images (product_id, image_url, sort_order) VALUES (10, 'https://fossil.scene7.com/is/image/FossilPartners/ML3840200_main?wid=700&hei=700&fmt=jpg', 2);
INSERT INTO product_images (product_id, image_url, sort_order) VALUES (10, 'https://images-na.ssl-images-amazon.com/images/I/71PEqFW4d4L.jpg', 3);
INSERT INTO product_images (product_id, image_url, sort_order) VALUES (11, 'https://i5.walmartimages.com/asr/95c1cf85-d0d2-44db-bcb5-0d4260121e42.61beda6a4830060f3d74d58eb6b767c5.jpeg', 1);
INSERT INTO product_images (product_id, image_url, sort_order) VALUES (11, 'https://store.storeimages.cdn-apple.com/4982/as-images.apple.com/is/airtag-double-select-202104?wid=940&hei=1112&fmt=png-alpha', 2);
INSERT INTO product_images (product_id, image_url, sort_order) VALUES (11, 'https://pisces.bbystatic.com/image2/BestBuy_US/images/products/6461/6461348_sd.jpg', 3);
INSERT INTO product_images (product_id, image_url, sort_order) VALUES (12, 'https://m.media-amazon.com/images/I/61ni3t1ryQL.jpg', 1);
INSERT INTO product_images (product_id, image_url, sort_order) VALUES (12, 'https://resource.logitech.com/w_692,c_lpad,ar_4:3,q_auto,f_auto,dpr_1.0/d_transparent.gif/content/dam/logitech/en/products/mice/mx-master-3s/gallery/mx-master-3s-mouse-top-view-graphite.png', 2);
INSERT INTO product_images (product_id, image_url, sort_order) VALUES (12, 'https://pisces.bbystatic.com/image2/BestBuy_US/images/products/6501/6501540_sd.jpg', 3);
INSERT INTO product_images (product_id, image_url, sort_order) VALUES (13, 'https://down-sg.img.susercontent.com/file/sg-11134207-7rd4z-m6ywlyircusy01', 1);
INSERT INTO product_images (product_id, image_url, sort_order) VALUES (13, 'https://cdn.shopify.com/s/files/1/0493/9834/9974/files/A1268H11_T4.jpg?v=1668768948', 2);
INSERT INTO product_images (product_id, image_url, sort_order) VALUES (13, 'https://images-na.ssl-images-amazon.com/images/I/51MHpbZrZOL.jpg', 3);
INSERT INTO product_images (product_id, image_url, sort_order) VALUES (14, 'https://media.herschel.com.au/products/3f8364d8/11383_06083_1.jpg', 1);
INSERT INTO product_images (product_id, image_url, sort_order) VALUES (14, 'https://herschel.com/static/version1/frontend/herschel/us_en/Magento_Catalog/images/product/placeholder/image.jpg', 2);
INSERT INTO product_images (product_id, image_url, sort_order) VALUES (14, 'https://images-na.ssl-images-amazon.com/images/I/71xFIyVZMkL.jpg', 3);
INSERT INTO product_images (product_id, image_url, sort_order) VALUES (15, 'https://www.casio.com/content/dam/casio/product-info/locales/in/en/timepiece/product/watch/G/GA/GA4/GA-400GBX-1A9/assets/GA-400GBX-1A9_1.png.transform/product-panel/image.png', 1);
INSERT INTO product_images (product_id, image_url, sort_order) VALUES (15, 'https://www.casio.com/content/dam/casio/product-info/locales/us/en/timepieces/product/watch/G/GW/GWM/gw-m5610u-1/assets/GW-M5610U-1.png', 2);
INSERT INTO product_images (product_id, image_url, sort_order) VALUES (15, 'https://images-na.ssl-images-amazon.com/images/I/71pZNDN3gGL.jpg', 3);
INSERT INTO product_images (product_id, image_url, sort_order) VALUES (16, 'https://brain-images-ssl.cdn.dixons.com/5/5/10225155/u_10225155.jpg', 1);
INSERT INTO product_images (product_id, image_url, sort_order) VALUES (16, 'https://dyson-h.assetsadobe2.com/is/image/content/dam/dyson/images/products/primary/394102-01.png?$responsive$&cropPathE=desktop&fit=stretch,1&wid=960', 2);
INSERT INTO product_images (product_id, image_url, sort_order) VALUES (16, 'https://pisces.bbystatic.com/image2/BestBuy_US/images/products/6477/6477975_sd.jpg', 3);
INSERT INTO product_images (product_id, image_url, sort_order) VALUES (17, 'https://i5.walmartimages.com/seo/Instant-Pot-DUO60-V4-6-Quart-Duo-Electric-Pressure-Cooker-Slow-Cooker_6822bd20-2e60-4923-92fc-44884fd6f90f.0e331080bfaa65faa8d86b78a29a1abf.jpeg', 1);
INSERT INTO product_images (product_id, image_url, sort_order) VALUES (17, 'https://www.instantbrands.com/wp-content/uploads/2021/04/5941341200_DUO-7-in-1_Front.jpg', 2);
INSERT INTO product_images (product_id, image_url, sort_order) VALUES (17, 'https://images-na.ssl-images-amazon.com/images/I/61H4KcKfRZL.jpg', 3);
INSERT INTO product_images (product_id, image_url, sort_order) VALUES (18, 'https://img.kavosdraugas.lt/7737f516-95c8-4ad3-b2ee-c021ff7308c7/1000x1000/na231-003png.jpg', 1);
INSERT INTO product_images (product_id, image_url, sort_order) VALUES (18, 'https://www.philips.com/c-dam/b2c/category-pages/kitchen/air-fryer/HD9252-90_01.jpg', 2);
INSERT INTO product_images (product_id, image_url, sort_order) VALUES (18, 'https://images-na.ssl-images-amazon.com/images/I/71U0Oq6BPIL.jpg', 3);
INSERT INTO product_images (product_id, image_url, sort_order) VALUES (19, 'https://image-ikea.mncdn.com/urunler/500_500/PE900880.jpg', 1);
INSERT INTO product_images (product_id, image_url, sort_order) VALUES (19, 'https://m.media-amazon.com/images/I/71rqT9IOTRL.jpg', 2);
INSERT INTO product_images (product_id, image_url, sort_order) VALUES (19, 'https://www.ikea.com/us/en/images/products/poaeng-armchair-birch-veneer-hillared-dark-blue__0735327_pe740040_s5.jpg', 3);
INSERT INTO product_images (product_id, image_url, sort_order) VALUES (20, 'https://innovationedgenews.com/wp-content/uploads/2024/01/Samsung-Unveils-Smart-Fridge-with-AI-Technology-to-Revolutionize-Kitchen-Experiences.webp', 1);
INSERT INTO product_images (product_id, image_url, sort_order) VALUES (20, 'https://image-us.samsung.com/SamsungUS/home/home-appliances/refrigerators/french-door/11192021/RF23M8090SG_AA_Front_Silver_190_Main.jpg', 2);
INSERT INTO product_images (product_id, image_url, sort_order) VALUES (20, 'https://pisces.bbystatic.com/image2/BestBuy_US/images/products/6401/6401627_sd.jpg', 3);
INSERT INTO product_images (product_id, image_url, sort_order) VALUES (21, 'https://m.media-amazon.com/images/I/51051FiD9UL.jpg', 1);
INSERT INTO product_images (product_id, image_url, sort_order) VALUES (21, 'https://gmedia.playstation.com/is/image/SIEPDC/ps5-product-thumbnail-01-en-14sep21?$facebook$', 2);
INSERT INTO product_images (product_id, image_url, sort_order) VALUES (21, 'https://pisces.bbystatic.com/image2/BestBuy_US/images/products/6430/6430161_sd.jpg', 3);
INSERT INTO product_images (product_id, image_url, sort_order) VALUES (22, 'https://tse1.mm.bing.net/th/id/OIP.cnsf21Giczgd5KF6MNukWQHaHa?rs=1&pid=ImgDetMain&o=7&rm=3', 1);
INSERT INTO product_images (product_id, image_url, sort_order) VALUES (22, 'https://img-prod-cms-rt-microsoft-com.akamaized.net/cms/api/am/imageFileData/RE4mOPe?ver=1f48', 2);
INSERT INTO product_images (product_id, image_url, sort_order) VALUES (22, 'https://pisces.bbystatic.com/image2/BestBuy_US/images/products/6428/6428324_sd.jpg', 3);
INSERT INTO product_images (product_id, image_url, sort_order) VALUES (23, 'https://m.media-amazon.com/images/I/61-PblYntsL.jpg', 1);
INSERT INTO product_images (product_id, image_url, sort_order) VALUES (23, 'https://assets.nintendo.com/image/upload/ar_16:9,c_lpad,w_1240/b_white/f_auto/q_auto/ncom/en_US/switch/site-design-update/hardware/switch-oled/hardware-photo01', 2);
INSERT INTO product_images (product_id, image_url, sort_order) VALUES (23, 'https://pisces.bbystatic.com/image2/BestBuy_US/images/products/6483/6483398_sd.jpg', 3);
INSERT INTO product_images (product_id, image_url, sort_order) VALUES (24, 'https://m.media-amazon.com/images/I/61mpMH5TzkL.jpg', 1);
INSERT INTO product_images (product_id, image_url, sort_order) VALUES (24, 'https://assets3.razerzone.com/j6UmguAJT2VgbKqALSJhL-GBIV4=/1500x1000/https%3A%2F%2Fhybrismediaprod.blob.core.windows.net%2Fsys-master-phoenix-images-container%2Fh73%2Fhb2%2F9315034996766%2Frazer-deathadder-v3-pro-500x500.jpg', 2);
INSERT INTO product_images (product_id, image_url, sort_order) VALUES (24, 'https://pisces.bbystatic.com/image2/BestBuy_US/images/products/6510/6510914_sd.jpg', 3);
INSERT INTO product_images (product_id, image_url, sort_order) VALUES (25, 'https://pisces.bbystatic.com/image2/BestBuy_US/images/products/6534/6534580_rd.jpg', 1);
INSERT INTO product_images (product_id, image_url, sort_order) VALUES (25, 'https://www.notebookcheck.net/uploads/tx_nbc2/msi_raider_ge78_hx_14vhg_test_review__4_.jpg', 2);
INSERT INTO product_images (product_id, image_url, sort_order) VALUES (25, 'https://pisces.bbystatic.com/image2/BestBuy_US/images/products/6569/6569454_sd.jpg', 3);
INSERT INTO product_images (product_id, image_url, sort_order) VALUES (26, 'https://m.media-amazon.com/images/I/61ULAZmt9NL._AC_.jpg', 1);
INSERT INTO product_images (product_id, image_url, sort_order) VALUES (26, 'https://www.sony.com/image/5d02da5df552836db894cead8a68f5f3?fmt=png-alpha&wid=660', 2);
INSERT INTO product_images (product_id, image_url, sort_order) VALUES (26, 'https://pisces.bbystatic.com/image2/BestBuy_US/images/products/6505/6505727_sd.jpg', 3);
INSERT INTO product_images (product_id, image_url, sort_order) VALUES (27, 'https://antien.vn/uploads/product/tai-nghe-Bose-QuietComfort-45_1637639935.jpg', 1);
INSERT INTO product_images (product_id, image_url, sort_order) VALUES (27, 'https://assets.bose.com/content/dam/Bose_DAM/Web/consumer_electronics/global/products/headphones/qc45/product_silo_images/QC45_ECO_PDP_Ecom-Gallery-B01.png/jcr:content/renditions/cq5dam.web.1280.1280.png', 2);
INSERT INTO product_images (product_id, image_url, sort_order) VALUES (27, 'https://pisces.bbystatic.com/image2/BestBuy_US/images/products/6471/6471291_sd.jpg', 3);
INSERT INTO product_images (product_id, image_url, sort_order) VALUES (28, 'https://tse3.mm.bing.net/th/id/OIP.AkzwIy8RVQyTxX9RXmiDkAHaHa?w=1605&h=1605&rs=1&pid=ImgDetMain&o=7&rm=3', 1);
INSERT INTO product_images (product_id, image_url, sort_order) VALUES (28, 'https://www.jbl.com/dw/image/v2/AAUJ_PRD/on/demandware.static/-/Sites-masterCatalog_Harman/default/dwd82a7b7b/JBL_FLIP6_Product%20Image_Hero_Blue.png?sw=537&sfrm=png', 2);
INSERT INTO product_images (product_id, image_url, sort_order) VALUES (28, 'https://pisces.bbystatic.com/image2/BestBuy_US/images/products/6501/6501847_sd.jpg', 3);
INSERT INTO product_images (product_id, image_url, sort_order) VALUES (29, 'https://m.media-amazon.com/images/I/61SUj2aKoEL.jpg', 1);
INSERT INTO product_images (product_id, image_url, sort_order) VALUES (29, 'https://store.storeimages.cdn-apple.com/4982/as-images.apple.com/is/MQD83?wid=1144&hei=1144&fmt=jpeg&qlt=90&.v=1660803961621', 2);
INSERT INTO product_images (product_id, image_url, sort_order) VALUES (29, 'https://pisces.bbystatic.com/image2/BestBuy_US/images/products/6509/6509650_sd.jpg', 3);
INSERT INTO product_images (product_id, image_url, sort_order) VALUES (30, 'https://i5.walmartimages.com/seo/Sennheiser-HD-660S-2-Wired-Audiophile-Stereo-Headphones-Deep-Sub-Bass-Optimized-Surround-Transducer-Airflow-Vented-Magnet-System-Voice-Coil_a819c249-f811-4a66-82d8-37003f4eba46.f831b220579930505447977fec6a5e34.jpeg', 1);
INSERT INTO product_images (product_id, image_url, sort_order) VALUES (30, 'https://assets.sennheiser.com/img/19010/x1_desktop_Sennheiser_HD_660_S-X2-1.jpg', 2);
INSERT INTO product_images (product_id, image_url, sort_order) VALUES (30, 'https://images-na.ssl-images-amazon.com/images/I/41rFBOlCJwL.jpg', 3);
INSERT INTO product_images (product_id, image_url, sort_order) VALUES (31, 'https://th.bing.com/th/id/R.0cb20a505e4607b967e89b125e246652?rik=3TBo3OBhPaSL8Q&riu=http%3a%2f%2falephksa.com%2fcdn%2fshop%2ffiles%2fApple_Watch_Series_9_LTE_45mm_Silver_Stainless_Steel_Silver_Milanese_Loop_PDP_Image_Position-1__en-ME_c79a30e4-3dcb-46eb-94e6-d0a8f37b6fac.jpg%3fv%3d1698974650&ehk=kcdWW6bSsHrQTz0MVfjD%2fXz%2fI45ntt82FcrWl5iJE1o%3d&risl=&pid=ImgRaw&r=0', 1);
INSERT INTO product_images (product_id, image_url, sort_order) VALUES (31, 'https://store.storeimages.cdn-apple.com/4982/as-images.apple.com/is/MQDY3ref_VW_34FR+watch-45-alum-midnight-nc-9s_VW_34FR_WF_CO?wid=1400&hei=1400&fmt=png-alpha', 2);
INSERT INTO product_images (product_id, image_url, sort_order) VALUES (31, 'https://pisces.bbystatic.com/image2/BestBuy_US/images/products/6340/6340519_sd.jpg', 3);
INSERT INTO product_images (product_id, image_url, sort_order) VALUES (32, 'https://tse1.mm.bing.net/th/id/OIP.KvoTu9zw3tnrt40Wrbp8TQHaI0?rs=1&pid=ImgDetMain&o=7&rm=3', 1);
INSERT INTO product_images (product_id, image_url, sort_order) VALUES (32, 'https://image-us.samsung.com/SamsungUS/home/mobile/galaxy-watch/06262023/SM-R930NZEAXAA-530x530.jpg', 2);
INSERT INTO product_images (product_id, image_url, sort_order) VALUES (32, 'https://pisces.bbystatic.com/image2/BestBuy_US/images/products/6548/6548900_sd.jpg', 3);
INSERT INTO product_images (product_id, image_url, sort_order) VALUES (33, 'https://pisces.bbystatic.com/image2/BestBuy_US/images/products/6559/6559662_rd.jpg', 1);
INSERT INTO product_images (product_id, image_url, sort_order) VALUES (33, 'https://www.fitbit.com/global/content/assets/images/product-overview/charge6/charge6-hero-black-black.png', 2);
INSERT INTO product_images (product_id, image_url, sort_order) VALUES (33, 'https://pisces.bbystatic.com/image2/BestBuy_US/images/products/6559/6559169_sd.jpg', 3);
INSERT INTO product_images (product_id, image_url, sort_order) VALUES (34, 'https://m.media-amazon.com/images/I/71W+S88m5JL._AC_SL1500_.jpg', 1);
INSERT INTO product_images (product_id, image_url, sort_order) VALUES (34, 'https://static.garmincdn.com/en/products/010-02810-01/v/cf-lg-6d21d696-78be-4b6d-bf24-8d52b4706aa5.jpg', 2);
INSERT INTO product_images (product_id, image_url, sort_order) VALUES (34, 'https://images-na.ssl-images-amazon.com/images/I/51+yL+pHB9L.jpg', 3);
INSERT INTO product_images (product_id, image_url, sort_order) VALUES (35, 'https://specs-arena.com/wp-content/uploads/2023/09/Huawei-Watch-GT-4-3.webp', 1);
INSERT INTO product_images (product_id, image_url, sort_order) VALUES (35, 'https://consumer.huawei.com/content/dam/huawei-cbg-site/common/mkt/pdp/wearables/watch-gt4-46/img/huawei-watch-gt-4-46mm-kv.jpg', 2);
INSERT INTO product_images (product_id, image_url, sort_order) VALUES (35, 'https://images-na.ssl-images-amazon.com/images/I/71R2s4GBVHL.jpg', 3);
INSERT INTO product_images (product_id, image_url, sort_order) VALUES (36, 'https://www.cnet.com/a/img/resize/b9167a00c19826dde947cf45366db1afeff80517/hub/2023/09/27/a2506c60-009e-4a69-b13a-4954df07e765/20230925-google-pixel-8-pro-and-pixel-8-01.jpg?auto=webp&fit=crop&height=675&width=1200', 1);
INSERT INTO product_images (product_id, image_url, sort_order) VALUES (36, 'https://lh3.googleusercontent.com/nu-aW6PCUE7pkxjmNs13e2RKbxmNRlx1ot_gBz0lqFdUTjMQzrgqMeGqX2b0b8W4T15jS3QiMJyIU6t1yz5pM13JGBhpTiCPYIvFX93T4A=rw-e365-w1440', 2);
INSERT INTO product_images (product_id, image_url, sort_order) VALUES (36, 'https://pisces.bbystatic.com/image2/BestBuy_US/images/products/6559/6559178_sd.jpg', 3);
INSERT INTO product_images (product_id, image_url, sort_order) VALUES (37, 'https://st1.tkcomputer.vn/uploads/lenovo_thinkpad_x1_carbon_gen_5_3a_1684260790.jpg', 1);
INSERT INTO product_images (product_id, image_url, sort_order) VALUES (37, 'https://www.notebookcheck.net/uploads/tx_nbc2/Lenovo_ThinkPad_X1_Carbon_Gen_11_Laptop_2.jpg', 2);
INSERT INTO product_images (product_id, image_url, sort_order) VALUES (37, 'https://p4-ofp.static.pub/fes/cms/2022/09/23/bkl14crt5bhbpgwx3zcz09ym2axk2t602578.png', 3);
INSERT INTO product_images (product_id, image_url, sort_order) VALUES (38, 'https://screenmoove.com/cdn/shop/files/ZLG-00029_1200x824.webp?v=1728649024', 1);
INSERT INTO product_images (product_id, image_url, sort_order) VALUES (38, 'https://img-prod-cms-rt-microsoft-com.akamaized.net/cms/api/am/imageFileData/RW1lVXE?ver=3a98', 2);
INSERT INTO product_images (product_id, image_url, sort_order) VALUES (38, 'https://pisces.bbystatic.com/image2/BestBuy_US/images/products/6572/6572166_sd.jpg', 3);
INSERT INTO product_images (product_id, image_url, sort_order) VALUES (39, 'https://tse3.mm.bing.net/th/id/OIP.vkDguJgY1XthH-0sJhvbFAHaFj?rs=1&pid=ImgDetMain&o=7&rm=3', 1);
INSERT INTO product_images (product_id, image_url, sort_order) VALUES (39, 'https://www.notebookcheck.net/uploads/tx_nbc2/ROG_Zephyrus_G14_2023__3_.jpg', 2);
INSERT INTO product_images (product_id, image_url, sort_order) VALUES (39, 'https://dlcdnwebimgs.asus.com/gain/E8A6F8F8-4F74-4F5A-9D3D-2EAE3F2FC5F2/w800/h600', 3);
INSERT INTO product_images (product_id, image_url, sort_order) VALUES (40, 'https://i0.wp.com/www.theeffect.net/wp-content/uploads/2017/10/HP-Spectre-x360-13_Dark-Ash-Silver_Rear-Left.jpg', 1);
INSERT INTO product_images (product_id, image_url, sort_order) VALUES (40, 'https://ssl-product-images.www8-hp.com/digmedialib/prodimg/knowledgebase/c08520887.png', 2);
INSERT INTO product_images (product_id, image_url, sort_order) VALUES (40, 'https://pisces.bbystatic.com/image2/BestBuy_US/images/products/6536/6536892_sd.jpg', 3);
INSERT INTO product_images (product_id, image_url, sort_order) VALUES (41, 'https://tse1.mm.bing.net/th/id/OIP.C07jqJ8TUMz5e62dyce2SAHaHa?rs=1&pid=ImgDetMain&o=7&rm=3', 1);
INSERT INTO product_images (product_id, image_url, sort_order) VALUES (41, 'https://images.puma.com/image/upload/f_auto,q_auto,b_rgb:fafafa,w_600,h_600/global/369579/01/sv01/fnd/IND/fmt/png/RS-X-Toys-Sneakers', 2);
INSERT INTO product_images (product_id, image_url, sort_order) VALUES (41, 'https://images-na.ssl-images-amazon.com/images/I/71zBJCHcFYL.jpg', 3);
INSERT INTO product_images (product_id, image_url, sort_order) VALUES (42, 'https://tse2.mm.bing.net/th/id/OIP.KSVDNfaqHISl_QUlfazWGwHaIl?rs=1&pid=ImgDetMain&o=7&rm=3', 1);
INSERT INTO product_images (product_id, image_url, sort_order) VALUES (42, 'https://images.thenorthface.com/is/image/TheNorthFace/NF0A3KX5_JK3_hero?$PLP-IMAGE$', 2);
INSERT INTO product_images (product_id, image_url, sort_order) VALUES (42, 'https://images-na.ssl-images-amazon.com/images/I/71P+lkU1xRL.jpg', 3);
INSERT INTO product_images (product_id, image_url, sort_order) VALUES (43, 'https://tse3.mm.bing.net/th/id/OIP.m40UX-Eiedtcp_FMsq8ICwHaHa?pid=ImgDet&w=474&h=474&rs=1&o=7&rm=3', 1);
INSERT INTO product_images (product_id, image_url, sort_order) VALUES (43, 'https://assets.oakley.com/is/image/OakleyB2C/888392374249-SWATCH?imwidth=2000', 2);
INSERT INTO product_images (product_id, image_url, sort_order) VALUES (43, 'https://images-na.ssl-images-amazon.com/images/I/61Z4XFAQATL.jpg', 3);
INSERT INTO product_images (product_id, image_url, sort_order) VALUES (44, 'https://bizweb.dktcdn.net/100/140/774/products/vans-old-skool-black-white-vn000d3hy28-2.jpg?v=1625905148527', 1);
INSERT INTO product_images (product_id, image_url, sort_order) VALUES (44, 'https://images.vans.com/is/image/Vans/VD3HY28-HERO?$PDP-LG-IMAGE-PORTRAIT$', 2);
INSERT INTO product_images (product_id, image_url, sort_order) VALUES (44, 'https://images.footlocker.com/is/image/EBFL2/W18NWA_01?wid=500&hei=500&fmt=png-alpha', 3);
INSERT INTO product_images (product_id, image_url, sort_order) VALUES (45, 'https://tse4.mm.bing.net/th/id/OIP.Sybq9XMplgrksqHc-HVVYgHaHa?rs=1&pid=ImgDetMain&o=7&rm=3', 1);
INSERT INTO product_images (product_id, image_url, sort_order) VALUES (45, 'https://www.converse.com/dw/image/v2/BCZC_PRD/on/demandware.static/-/Sites-cnv-master-catalog/default/dw36bc0c13/images/a_107/M9160_A_107X1.jpg?sw=800', 2);
INSERT INTO product_images (product_id, image_url, sort_order) VALUES (45, 'https://images.footlocker.com/is/image/EBFL2/Z17590_01?wid=500&hei=500&fmt=png-alpha', 3);
INSERT INTO product_images (product_id, image_url, sort_order) VALUES (46, 'https://pisces.bbystatic.com/image2/BestBuy_US/images/products/6501/6501046_sd.jpg', 1);
INSERT INTO product_images (product_id, image_url, sort_order) VALUES (46, 'https://pisces.bbystatic.com/image2/BestBuy_US/images/products/6477/6477847_sd.jpg', 2);
INSERT INTO product_images (product_id, image_url, sort_order) VALUES (46, 'https://store.storeimages.cdn-apple.com/4982/as-images.apple.com/is/MQTP3?wid=1144&hei=1144&fmt=jpeg&qlt=90&.v=1687660671903', 3);
INSERT INTO product_images (product_id, image_url, sort_order) VALUES (47, 'https://m.media-amazon.com/images/I/71yz4XFGujL._AC_SL1500_.jpg', 1);
INSERT INTO product_images (product_id, image_url, sort_order) VALUES (47, 'https://www.tumi.com/dw/image/v2/BCWV_PRD/on/demandware.static/-/Sites-tumi-master-catalog/default/dw01e6e456/images/hi-res/02203D3_black_1.jpg?sw=800', 2);
INSERT INTO product_images (product_id, image_url, sort_order) VALUES (47, 'https://images-na.ssl-images-amazon.com/images/I/71Ga9PTTFAL.jpg', 3);
INSERT INTO product_images (product_id, image_url, sort_order) VALUES (48, 'https://tse1.mm.bing.net/th/id/OIP.ZJ_LXq0TnHhPS04IUZGlCgHaHa?rs=1&pid=ImgDetMain&o=7&rm=3', 1);
INSERT INTO product_images (product_id, image_url, sort_order) VALUES (48, 'https://www.montblanc.com/variants/images/41281655959643141/A/w2400.jpg', 2);
INSERT INTO product_images (product_id, image_url, sort_order) VALUES (48, 'https://images-na.ssl-images-amazon.com/images/I/51E9PH4WJFL.jpg', 3);
INSERT INTO product_images (product_id, image_url, sort_order) VALUES (49, 'https://cf.shopee.com.br/file/sg-11134201-22110-8njs5wj937jv9a', 1);
INSERT INTO product_images (product_id, image_url, sort_order) VALUES (49, 'https://store.storeimages.cdn-apple.com/4982/as-images.apple.com/is/MQGU3?wid=1144&hei=1144&fmt=jpeg&qlt=90&.v=1660803960435', 2);
INSERT INTO product_images (product_id, image_url, sort_order) VALUES (49, 'https://pisces.bbystatic.com/image2/BestBuy_US/images/products/6252/6252577_sd.jpg', 3);
INSERT INTO product_images (product_id, image_url, sort_order) VALUES (50, 'https://m.media-amazon.com/images/I/61tpahNzcCL._AC_.jpg', 1);
INSERT INTO product_images (product_id, image_url, sort_order) VALUES (50, 'https://www.belkin.com/dw/image/v2/BGVD_PRD/on/demandware.static/-/Sites-master-catalog/default/dw15a10d2e/images/hi-res/WIZ010dqWH.jpg?sw=800', 2);
INSERT INTO product_images (product_id, image_url, sort_order) VALUES (50, 'https://pisces.bbystatic.com/image2/BestBuy_US/images/products/6549/6549248_sd.jpg', 3);
INSERT INTO product_images (product_id, image_url, sort_order) VALUES (51, 'https://www.bhphotovideo.com/images/images2500x2500/hp_f6w14a_laserjet_pro_m426fdn_all_in_one_1190021.jpg', 1);
INSERT INTO product_images (product_id, image_url, sort_order) VALUES (51, 'https://ssl-product-images.www8-hp.com/digmedialib/prodimg/knowledgebase/c08171381.png', 2);
INSERT INTO product_images (product_id, image_url, sort_order) VALUES (51, 'https://pisces.bbystatic.com/image2/BestBuy_US/images/products/6536/6536505_sd.jpg', 3);
INSERT INTO product_images (product_id, image_url, sort_order) VALUES (52, 'https://mmsrilanka.com/image/cache/catalog/data/Products/Computer%20Accessories/WebCam/c920-1000x1000.jpg', 1);
INSERT INTO product_images (product_id, image_url, sort_order) VALUES (52, 'https://resource.logitech.com/w_692,c_lpad,ar_4:3,q_auto,f_auto,dpr_1.0/d_transparent.gif/content/dam/logitech/en/products/webcams/c920s/gallery/c920s-webcam-gallery-1.png', 2);
INSERT INTO product_images (product_id, image_url, sort_order) VALUES (52, 'https://pisces.bbystatic.com/image2/BestBuy_US/images/products/5765/5765282_sd.jpg', 3);
INSERT INTO product_images (product_id, image_url, sort_order) VALUES (53, 'https://m.media-amazon.com/images/I/81dh38vBkQL.jpg', 1);
INSERT INTO product_images (product_id, image_url, sort_order) VALUES (53, 'https://img-prod-cms-rt-microsoft-com.akamaized.net/cms/api/am/imageFileData/RE2Trbg?ver=77c1', 2);
INSERT INTO product_images (product_id, image_url, sort_order) VALUES (53, 'https://pisces.bbystatic.com/image2/BestBuy_US/images/products/5754/5754011_sd.jpg', 3);
INSERT INTO product_images (product_id, image_url, sort_order) VALUES (54, 'https://officefurniturescene.co.uk/storage/images/2020/09/Herman-Miller-Aeron-Chair-Mineral-Polished-Size-C-Front.jpg', 1);
INSERT INTO product_images (product_id, image_url, sort_order) VALUES (54, 'https://store.hermanmiller.com/content/dam/hermanmiller/images/products/chairs/aeron-chair/aeron-chair-mineral-frame-3q-standard.jpg', 2);
INSERT INTO product_images (product_id, image_url, sort_order) VALUES (54, 'https://images-na.ssl-images-amazon.com/images/I/71J2IjWH8kL.jpg', 3);
INSERT INTO product_images (product_id, image_url, sort_order) VALUES (55, 'https://www.bhphotovideo.com/images/images500x500/canon_4823c001aa_imageformula_r50_office_document_1607509301_1598896.jpg', 1);
INSERT INTO product_images (product_id, image_url, sort_order) VALUES (55, 'https://www.usa.canon.com/content/dam/inca/canonsolutions/us/office-solutions/scanners/imageFORMULA-DR-C230/gallery/canon-imageFORMULA-DR-C230-document-scanner-gallery-01.jpg', 2);
INSERT INTO product_images (product_id, image_url, sort_order) VALUES (55, 'https://pisces.bbystatic.com/image2/BestBuy_US/images/products/6434/6434229_sd.jpg', 3);
INSERT INTO product_images (product_id, image_url, sort_order) VALUES (56, 'https://content.etilize.com/RightMaximum/1029260729.jpg', 1);
INSERT INTO product_images (product_id, image_url, sort_order) VALUES (56, 'https://www.brother-usa.com/~/media/Brother/Product%20Images/Large%20Product%20Images/PT-D210/main/PT-D210.png', 2);
INSERT INTO product_images (product_id, image_url, sort_order) VALUES (56, 'https://pisces.bbystatic.com/image2/BestBuy_US/images/products/6401/6401805_sd.jpg', 3);
INSERT INTO product_images (product_id, image_url, sort_order) VALUES (57, 'https://i5.walmartimages.com/seo/Dell-27-60-Hz-IPS-Black-Technology-UHD-IPS-Monitor-8-ms-gray-to-gray-normal-5-ms-gray-to-gray-fast-3840-x-2160-4K-HDMI-DisplayPort-USB-Audio-Flat-Pan_da30d5dd-66cf-4f1f-a028-4807088fa3ac.85212000719ad54459b2996f8cc0f41d.jpeg', 1);
INSERT INTO product_images (product_id, image_url, sort_order) VALUES (57, 'https://i.dell.com/is/image/DellContent/content/dam/ss2/product-images/dell-client-products/peripherals/monitors/u-series/u2722d/media-gallery/monitor-u2722d-gallery-4.psd?fmt=pjpg&pscan=auto&scl=1&hei=402&wid=402&qlt=100,1&resMode=sharp2&size=402,402', 2);
INSERT INTO product_images (product_id, image_url, sort_order) VALUES (57, 'https://pisces.bbystatic.com/image2/BestBuy_US/images/products/6530/6530346_sd.jpg', 3);
INSERT INTO product_images (product_id, image_url, sort_order) VALUES (58, 'https://tse2.mm.bing.net/th/id/OIP.kFKXAs0WyY9hyt6QZ0xLgQHaFj?rs=1&pid=ImgDetMain&o=7&rm=3', 1);
INSERT INTO product_images (product_id, image_url, sort_order) VALUES (58, 'https://resource.logitech.com/w_692,c_lpad,ar_4:3,q_auto,f_auto,dpr_1.0/d_transparent.gif/content/dam/logitech/en/products/keyboards/mx-keys-s/gallery/mx-keys-s-top-view-graphite.png', 2);
INSERT INTO product_images (product_id, image_url, sort_order) VALUES (58, 'https://pisces.bbystatic.com/image2/BestBuy_US/images/products/6534/6534031_sd.jpg', 3);
INSERT INTO product_images (product_id, image_url, sort_order) VALUES (59, 'https://m.media-amazon.com/images/I/61IjVDRXt3L._AC_SL1500_.jpg', 1);
INSERT INTO product_images (product_id, image_url, sort_order) VALUES (59, 'https://www.steelcase.com/content/uploads/2018/05/Gesture-Work-Chair-360x360-1.jpg', 2);
INSERT INTO product_images (product_id, image_url, sort_order) VALUES (59, 'https://images-na.ssl-images-amazon.com/images/I/71fCBQFVNaL.jpg', 3);
INSERT INTO product_images (product_id, image_url, sort_order) VALUES (60, 'https://pisces.bbystatic.com/image2/BestBuy_US/images/products/6347/6347466ld.jpg', 1);
INSERT INTO product_images (product_id, image_url, sort_order) VALUES (60, 'https://epson.com/Assets/Epson/Products/ET-2800/hi-res/image.jpg', 2);
INSERT INTO product_images (product_id, image_url, sort_order) VALUES (60, 'https://pisces.bbystatic.com/image2/BestBuy_US/images/products/6477/6477859_sd.jpg', 3);
INSERT INTO product_images (product_id, image_url, sort_order) VALUES (61, 'https://m.media-amazon.com/images/I/51sWxhvZ5DL._AC_SL1285_.jpg', 1);
INSERT INTO product_images (product_id, image_url, sort_order) VALUES (61, 'https://ssl-product-images.www8-hp.com/digmedialib/prodimg/knowledgebase/c08532429.png', 2);
INSERT INTO product_images (product_id, image_url, sort_order) VALUES (61, 'https://pisces.bbystatic.com/image2/BestBuy_US/images/products/6536/6536505_sd.jpg', 3);
INSERT INTO product_images (product_id, image_url, sort_order) VALUES (62, 'https://i.pinimg.com/originals/a4/03/e2/a403e24707e522621574ced2b9538930.jpg', 1);
INSERT INTO product_images (product_id, image_url, sort_order) VALUES (62, 'https://img-prod-cms-rt-microsoft-com.akamaized.net/cms/api/am/imageFileData/RE4EMPN?ver=ac52', 2);
INSERT INTO product_images (product_id, image_url, sort_order) VALUES (62, 'https://images-na.ssl-images-amazon.com/images/I/71vHJd1GHVL.jpg', 3);
INSERT INTO product_images (product_id, image_url, sort_order) VALUES (63, 'https://tse2.mm.bing.net/th/id/OIP.IOGBFkgTSVONGFQo1EAPuQHaHa?rs=1&pid=ImgDetMain&o=7&rm=3', 1);
INSERT INTO product_images (product_id, image_url, sort_order) VALUES (63, 'https://resource.logitech.com/w_692,c_lpad,ar_4:3,q_auto,f_auto,dpr_1.0/d_transparent.gif/content/dam/logitech/en/products/speakerphones/p710e/gallery/p710e-speakerphone-top-view.png', 2);
INSERT INTO product_images (product_id, image_url, sort_order) VALUES (63, 'https://pisces.bbystatic.com/image2/BestBuy_US/images/products/6502/6502938_sd.jpg', 3);
INSERT INTO product_images (product_id, image_url, sort_order) VALUES (64, 'https://cdn11.bigcommerce.com/s-u3uxlvxq3h/images/stencil/1280x1280/products/10563/43080/Cisco-9841-Black-Left__28709.1714760293.jpg?c=1', 1);
INSERT INTO product_images (product_id, image_url, sort_order) VALUES (64, 'https://www.cisco.com/c/dam/en/us/products/collateral/collaboration-endpoints/unified-ip-phone-7900-series/product_photo_c82-478262.jpg', 2);
INSERT INTO product_images (product_id, image_url, sort_order) VALUES (64, 'https://images-na.ssl-images-amazon.com/images/I/71eX4j5XOFL.jpg', 3);
INSERT INTO product_images (product_id, image_url, sort_order) VALUES (65, 'https://www.bhphotovideo.com/images/images2500x2500/wacom_cth690ak_intuos_art_pen_1180862.jpg', 1);
INSERT INTO product_images (product_id, image_url, sort_order) VALUES (65, 'https://www.wacom.com/content/dam/wacom/en_US/us/products/creative-pen-tablets/wacom-intuos/wacom-intuos-s-and-m-right-angle.jpg', 2);
INSERT INTO product_images (product_id, image_url, sort_order) VALUES (65, 'https://pisces.bbystatic.com/image2/BestBuy_US/images/products/6349/6349388_sd.jpg', 3);
INSERT INTO product_images (product_id, image_url, sort_order) VALUES (66, 'https://m.media-amazon.com/images/I/61Hf3096XqL._AC_SL1500_.jpg', 1);
INSERT INTO product_images (product_id, image_url, sort_order) VALUES (66, 'https://m.media-amazon.com/images/I/71rh5GCBEAL._AC_SX679_.jpg', 2);
INSERT INTO product_images (product_id, image_url, sort_order) VALUES (66, 'https://images-na.ssl-images-amazon.com/images/I/71a7jMF7dHL.jpg', 3);
INSERT INTO product_images (product_id, image_url, sort_order) VALUES (67, 'https://tse1.mm.bing.net/th/id/OIP.2DhBHTJDlrkAwOA42FKUdQHaEJ?rs=1&pid=ImgDetMain&o=7&rm=3', 1);
INSERT INTO product_images (product_id, image_url, sort_order) VALUES (67, 'https://ssl-product-images.www8-hp.com/digmedialib/prodimg/knowledgebase/c07945429.png', 2);
INSERT INTO product_images (product_id, image_url, sort_order) VALUES (67, 'https://pisces.bbystatic.com/image2/BestBuy_US/images/products/6380/6380555_sd.jpg', 3);
INSERT INTO product_images (product_id, image_url, sort_order) VALUES (68, 'https://itwares.net/153-large_default/logitech-h390-usb-headset.jpg', 1);
INSERT INTO product_images (product_id, image_url, sort_order) VALUES (68, 'https://resource.logitech.com/w_692,c_lpad,ar_4:3,q_auto,f_auto,dpr_1.0/d_transparent.gif/content/dam/logitech/en/products/headsets/h390/gallery/h390-headset-gallery-1.png', 2);
INSERT INTO product_images (product_id, image_url, sort_order) VALUES (68, 'https://images-na.ssl-images-amazon.com/images/I/61bkIHMUViL.jpg', 3);
INSERT INTO product_images (product_id, image_url, sort_order) VALUES (69, 'https://th.bing.com/th/id/R.ef6a1bbe6fa2f21f2050511c8faefbd0?rik=AvCKefqATnnycQ&riu=http%3a%2f%2fofficewonderland.com%2fcdn%2fshop%2ffiles%2fsharp-pg-f315x-projector.jpg%3fcrop%3dcenter%26height%3d1200%26v%3d1725641486%26width%3d1200&ehk=iPw8k6E142nyvaMNC9DN%2bs3Vx2Ff3XGTR6L%2bIdv3JTA%3d&risl=&pid=ImgRaw&r=0', 1);
INSERT INTO product_images (product_id, image_url, sort_order) VALUES (69, 'https://www.bhphotovideo.com/images/images2500x2500/sharp_pg_d3510xl_dlp_projector_with_3500_1027700.jpg', 2);
INSERT INTO product_images (product_id, image_url, sort_order) VALUES (69, 'https://images-na.ssl-images-amazon.com/images/I/51aLLPP5k6L.jpg', 3);
INSERT INTO product_images (product_id, image_url, sort_order) VALUES (70, 'https://th.bing.com/th/id/R.aae9831eb2b22db0b1c7f25df9fbfc71?rik=3kx%2fgBWCHxCq7w&riu=http%3a%2f%2fmobileimages.lowes.com%2fproduct%2fconverted%2f100187%2f1001874904.jpg%3fsize%3dpdhi&ehk=WCm3%2bFJIwUz8e9mh7czkrPpzdkNzkLMxvG7oLn4rZoo%3d&risl=&pid=ImgRaw&r=0', 1);
INSERT INTO product_images (product_id, image_url, sort_order) VALUES (70, 'https://www.fellowes.com/content/dam/fellowes/catalog/shredders/personal-desktop-shredders/powershred-79ci/powershred-79ci-product-image.jpg', 2);
INSERT INTO product_images (product_id, image_url, sort_order) VALUES (70, 'https://pisces.bbystatic.com/image2/BestBuy_US/images/products/6536/6536517_sd.jpg', 3);
